,count,real,true,real_percent,score,score_percent
COUNT,0.0,0.0,0.0,0.0,0.0,0.0
COLOR,0.0,0.0,0.0,0.0,0.0,0.0
ORGAN,500.0,500.0,291.0,100.0,0.582,58.2
PRES,0.0,0.0,0.0,0.0,0.0,0.0
PLANE,500.0,499.0,338.0,99.8,0.676,67.6
MODALITY,321.0,320.0,202.0,99.7,0.6292834890965732,62.9
POS,0.0,0.0,0.0,0.0,0.0,0.0
ABN,477.0,329.0,11.0,69.0,0.023060796645702306,2.3
SIZE,0.0,0.0,0.0,0.0,0.0,0.0
OTHER,0.0,0.0,0.0,0.0,0.0,0.0
ATTRIB,0.0,0.0,0.0,0.0,0.0,0.0
UNKNOWN,0.0,0.0,0.0,0.0,0.0,0.0
