{"CLOSED": {"count": 202.0, "real": 202.0, "true": 158.0, "real_percent": 0.0, "score": 0.7821782178217822, "score_percent": 78.2}, "OPEN": {"count": 1798.0, "real": 1648.0, "true": 842.0, "real_percent": 0.0, "score": 0.4682981090100111, "score_percent": 46.8}, "ALL": {"count": 2000.0, "real": 1850.0, "true": 1000.0, "real_percent": 0.0, "score": 0.5, "score_percent": 50.0}}