,count,real,true,real_percent,score,score_percent
COUNT,0.0,0.0,0.0,0.0,0.0,0.0
COLOR,0.0,0.0,0.0,0.0,0.0,0.0
ORGAN,500.0,500.0,284.0,100.0,0.568,56.8
PRES,0.0,0.0,0.0,0.0,0.0,0.0
PLANE,500.0,499.0,310.0,99.8,0.62,62.0
MODALITY,321.0,320.0,207.0,99.7,0.6448598130841121,64.5
POS,0.0,0.0,0.0,0.0,0.0,0.0
ABN,477.0,329.0,15.0,69.0,0.031446540880503145,3.1
SIZE,0.0,0.0,0.0,0.0,0.0,0.0
OTHER,0.0,0.0,0.0,0.0,0.0,0.0
ATTRIB,0.0,0.0,0.0,0.0,0.0,0.0
UNKNOWN,0.0,0.0,0.0,0.0,0.0,0.0
