{"CLOSED": {"count": 202.0, "real": 202.0, "true": 151.0, "real_percent": 0.0, "score": 0.7475247524752475, "score_percent": 74.8}, "OPEN": {"count": 1798.0, "real": 1648.0, "true": 816.0, "real_percent": 0.0, "score": 0.45383759733036705, "score_percent": 45.4}, "ALL": {"count": 2000.0, "real": 1850.0, "true": 967.0, "real_percent": 0.0, "score": 0.4835, "score_percent": 48.4}}